{"acceptInsecureCerts": false, "browserName": "chrome", "browserVersion": "128.0.6613.120", "chrome": {"chromedriverVersion": "128.0.6613.137 (fe621c5aa2d6b987e964fb1b5066833da5fb613d-refs/branch-heads/6613@{#1711})", "userDataDir": "C:\\Users\\lulul\\AppData\\Local\\Temp\\scoped_dir24536_1317994163"}, "fedcm:accounts": true, "goog:chromeOptions": {"debuggerAddress": "localhost:20621"}, "networkConnectionEnabled": false, "pageLoadStrategy": "normal", "platformName": "windows", "proxy": {}, "setWindowRect": true, "strictFileInteractability": false, "timeouts": {"implicit": 0, "pageLoad": 300000, "script": 30000}, "unhandledPromptBehavior": "dismiss and notify", "webauthn:extension:credBlob": true, "webauthn:extension:largeBlob": true, "webauthn:extension:minPinLength": true, "webauthn:extension:prf": true, "webauthn:virtualAuthenticators": true}